n (number of vertices), total_cycle, total_flops, gbuild_cycle, prop_cycle, gbuild_flops, prop_flops, bel_flops
981, 53784119.100000, 1860370
4847, 1056834420.800000, 46850230
5167, 1349789591.700000, 54239790
1879, 177602825.700000, 7137490
5879, 1894588542.200000, 76454440
6452, 2830381658.400000, 102969310
2442, 267957174.700000, 10519760
7272, 3804828749.600000, 154084340
7766, 4944523016.000000, 186643740
3128, 519850816.300000, 18796410
4142, 792687487.800000, 35429980
